α,0,0.001,0.002,0.003,0.004,0.005,0.006,0.007,0.008,0.009,α
0.05,0,0,0,0.00001,0.00001,0.00001,0.00001,0.00001,0.00002,0.00002,0.05
0.06,0.00002,0.00003,0.00003,0.00003,0.00004,0.00004,0.00005,0.00006,0.00007,0.00007,0.06
0.07,0.00008,0.00009,0.0001,0.00011,0.00013,0.00014,0.00016,0.00017,0.00019,0.0002,0.07
0.08,0.00022,0.00024,0.00026,0.00028,0.00031,0.00033,0.00036,0.00039,0.00042,0.00045,0.08
0.09,0.00048,0.00051,0.00055,0.00059,0.00062,0.00067,0.00071,0.00075,0.0008,0.00085,0.09
0.1,0.0009,0.00095,0.00101,0.00106,0.00112,0.00118,0.00125,0.00131,0.00138,0.00145,0.1
0.11,0.00153,0.0016,0.00168,0.00176,0.00184,0.00193,0.00202,0.00211,0.0022,0.0023,0.11
0.12,0.0024,0.0025,0.00261,0.00271,0.00283,0.00294,0.00305,0.00317,0.0033,0.00342,0.12
0.13,0.00355,0.00369,0.00382,0.00396,0.0041,0.00425,0.0044,0.00455,0.0047,0.00486,0.13
0.14,0.00503,0.00519,0.00536,0.00553,0.00571,0.00589,0.00608,0.00628,0.00646,0.00665,0.14
0.15,0.00685,0.00705,0.00726,0.00747,0.00769,0.0079,0.00813,0.00835,0.00859,0.00882,0.15
0.16,0.00906,0.0093,0.00955,0.0098,0.01006,0.01032,0.01058,0.01085,0.01112,0.0114,0.16
0.17,0.01168,0.01197,0.01226,0.01256,0.01286,0.01316,0.01347,0.01378,0.0141,0.01443,0.17
0.18,0.01475,0.01509,0.01542,0.01577,0.01611,0.01647,0.01682,0.01718,0.01755,0.01792,0.18
0.19,0.0183,0.01868,0.01907,0.01946,0.01986,0.02026,0.02067,0.02108,0.0215,0.02193,0.19
0.2,0.02236,0.02279,0.02323,0.02367,0.02413,0.02458,0.02504,0.02551,0.02599,0.02647,0.2
0.21,0.02695,0.02744,0.02793,0.02844,0.02894,0.02946,0.02998,0.0305,0.03103,0.03157,0.21
0.22,0.03211,0.03266,0.03322,0.03376,0.03435,0.03492,0.0355,0.03609,0.03668,0.03728,0.22
0.23,0.03788,0.03849,0.03911,0.03973,0.04036,0.041,0.04164,0.0423,0.04295,0.04362,0.23
0.24,0.04429,0.04496,0.04565,0.04634,0.04703,0.04774,0.04845,0.04917,0.04989,0.05062,0.24
0.25,0.05136,0.05211,0.05286,0.05362,0.05439,0.05516,0.05594,0.05673,0.05753,0.05834,0.25
0.26,0.05915,0.05997,0.06078,0.06163,0.06247,0.06332,0.06417,0.06504,0.06591,0.06679,0.26
0.27,0.06768,0.06857,0.06948,0.07039,0.07131,0.07223,0.07317,0.07411,0.07507,0.07603,0.27
0.28,0.077,0.07797,0.07895,0.07995,0.08095,0.08196,0.08298,0.084,0.08504,0.08609,0.28
0.29,0.08714,0.0832,0.08927,0.09035,0.09143,0.09253,0.09364,0.09475,0.09588,0.09701,0.29
0.3,0.09815,0.0993,0.10046,0.10163,0.10281,0.104,0.1052,0.1064,0.10762,0.10885,0.3
0.31,0.11009,0.11133,0.11258,0.11385,0.11512,0.11641,0.1177,0.11901,0.12032,0.12165,0.31
0.32,0.12208,0.12433,0.12568,0.12704,0.12842,0.12981,0.1312,0.13261,0.13403,0.13546,0.32
0.33,0.1369,0.13834,0.1398,0.14127,0.14276,0.14425,0.14575,0.14727,0.1488,0.15033,0.33
0.34,0.15188,0.15344,0.15501,0.15659,0.15819,0.15979,0.16141,0.16304,0.16468,0.16633,0.34
0.35,0.168,0.16967,0.17136,0.17306,0.17477,0.1765,0.17823,0.17998,0.18174,0.18352,0.35
0.36,0.18531,0.1871,0.18891,0.19074,0.19257,0.19442,0.19629,0.19816,0.20005,0.20195,0.36
0.37,0.20387,0.2058,0.20774,0.20969,0.21166,0.21364,0.21564,0.21765,0.21967,0.22171,0.37
0.38,0.22376,0.22582,0.2279,0.22999,0.2321,0.23422,0.23636,0.23851,0.24067,0.24285,0.38
0.39,0.24505,0.24725,0.24948,0.25171,0.25397,0.25624,0.25852,0.26082,0.26314,0.26547,0.39
0.4,0.26782,0.27018,0.27255,0.27494,0.27735,0.27978,0.28222,0.28468,0.28715,0.28984,0.4
0.41,0.29215,0.29467,0.29721,0.29976,0.30233,0.30492,0.30753,0.31015,0.3128,0.31546,0.41
0.42,0.31813,0.32082,0.32353,0.32626,0.32901,0.33177,0.33455,0.33736,0.34018,0.34301,0.42
0.43,0.34587,0.34874,0.35163,0.35454,0.35747,0.36042,0.36339,0.36638,0.36939,0.37242,0.43
0.44,0.37546,0.37853,0.38161,0.38471,0.38784,0.39098,0.39415,0.39734,0.40054,0.40377,0.44
0.45,0.40702,0.41029,0.41358,0.41688,0.42022,0.42357,0.42845,0.43034,0.43376,0.43721,0.45
0.46,0.44067,0.44415,0.44765,0.45118,0.45473,0.45831,0.4619,0.46553,0.46917,0.47284,0.46
0.47,0.47653,0.48024,0.48398,0.48774,0.49152,0.49533,0.49916,0.50302,0.50691,0.51082,0.47
0.48,0.51475,0.5187,0.52268,0.52669,0.53072,0.53478,0.53887,0.54298,0.54712,0.55129,0.48
0.49,0.55548,0.55969,0.56393,0.5682,0.5725,0.57682,0.58118,0.58556,0.58997,0.59441,0.49
0.5,0.59888,0.60336,0.60788,0.61243,0.61701,0.62162,0.62626,0.63093,0.63563,0.64036,0.5
0.51,0.64512,0.6499,0.65472,0.65956,0.66444,0.66936,0.6743,0.67928,0.68429,0.68933,0.51
0.52,0.6944,0.6995,0.70463,0.7098,0.715,0.72023,0.7255,0.73081,0.73615,0.74152,0.52
0.53,0.74693,0.75237,0.75784,0.76334,0.76889,0.77447,0.78009,0.78575,0.79144,0.79717,0.53
0.54,0.80294,0.80873,0.81456,0.82044,0.82635,0.8323,0.83829,0.84433,0.8504,0.85651,0.54
0.55,0.86266,0.86884,0.87507,0.88133,0.88764,0.89399,0.90038,0.90682,0.9133,0.91982,0.55
0.56,0.92638,0.93298,0.93962,0.9463,0.95303,0.95981,0.96663,0.9735,0.98042,0.98738,0.56
0.57,0.99439,1.0014,1.0085,1.0157,1.0228,1.0301,1.0374,1.0447,1.0521,1.0595,0.57
0.58,1.067,1.0745,1.0821,1.0897,1.0974,1.1051,1.1129,1.1208,1.1287,1.1366,0.58
0.59,1.1446,1.1526,1.1607,1.1689,1.1771,1.1854,1.1937,1.2021,1.2105,1.219,0.59
0.6,1.2276,1.2361,1.2448,1.2535,1.2623,1.2711,1.2801,1.289,1.2981,1.3071,0.6
0.61,1.3163,1.3255,1.3348,1.3441,1.3535,1.363,1.3725,1.3821,1.3918,1.4015,0.61
0.62,1.4113,1.4212,1.4311,1.4411,1.4512,1.4613,1.4715,1.4818,1.4922,1.5027,0.62
0.63,1.5132,1.5237,1.5344,1.5451,1.5559,1.5668,1.5777,1.5888,1.5999,1.6111,0.63
0.64,1.6224,1.6337,1.6452,1.6567,1.6683,1.68,1.6917,1.7036,1.7156,1.7276,0.64
0.65,1.7397,1.7519,1.7642,1.7766,1.789,1.8016,1.8143,1.827,1.8399,1.8528,0.65
0.66,1.8659,1.879,1.8922,1.9055,1.9189,1.9324,1.9461,1.9598,1.9736,1.9876,0.66
0.67,2.0016,2.0157,2.03,2.0443,2.0588,2.0733,2.088,2.1028,2.1178,2.1328,0.67
0.68,2.148,2.1632,2.1785,2.194,2.2096,2.2254,2.2412,2.2572,2.2733,2.2896,0.68
0.69,2.3059,2.3224,2.339,2.3557,2.3726,2.3896,2.4067,2.424,2.4414,2.459,0.69
0.7,2.4767,2.4945,2.5125,2.5306,2.5489,2.5673,2.5859,2.6046,2.6235,2.6426,0.7
0.71,2.662,2.681,2.701,2.72,2.74,2.76,2.78,2.8,2.821,2.842,0.71
0.72,2.863,2.884,2.905,2.926,2.948,2.969,2.991,3.013,3.036,3.058,0.72
0.73,3.081,3.104,3.127,3.15,3.173,3.197,3.221,3.245,3.27,3.294,0.73
0.74,3.319,3.344,3.369,3.394,3.42,3.446,3.472,3.498,3.525,3.552,0.74
0.75,3.579,3.606,3.634,3.661,3.69,3.718,3.747,3.775,3.805,3.834,0.75
0.76,3.864,3.894,3.924,3.955,3.985,4.017,4.048,4.08,4.112,4.144,0.76
0.77,4.177,4.21,4.243,4.277,4.311,4.345,4.38,4.415,4.45,4.486,0.77
0.78,4.52,4.56,4.6,4.63,4.67,4.71,4.75,4.79,4.82,4.86,0.78
0.79,4.9,4.94,4.99,5.03,5.07,5.11,5.15,5.2,5.24,5.28,0.79
0.8,5.33,5.37,5.42,5.46,5.51,5.56,5.61,5.65,5.7,5.75,0.8
0.81,5.8,5.85,5.9,5.95,6.01,6.06,6.11,6.17,6.22,6.28,0.81
0.82,6.33,6.39,6.45,6.5,6.56,6.62,6.68,6.74,6.81,6.87,0.82
0.83,6.93,7,7.06,7.13,7.19,7.26,7.33,7.4,7.47,7.54,0.83
0.84,7.61,7.68,7.76,7.83,7.91,7.98,8.06,8.14,8.22,8.3,0.84
0.85,8.39,8.47,8.55,8.64,8.73,8.82,8.9,9,9.09,9.18,0.85
